type,num_vertices,vertices
triangle,3,1.86178,-1.2262,-0.010076,-0.145478,-0.010076,-2.30691
triangle,3,1.99253,-0.893797,0.720175,-0.159201,0.720175,-1.62839
triangle,3,2.77516,1.49105,0.86921,2.59145,0.86921,0.39065
square,4,4.08598,0.393507,2.7965,1.68298,1.50703,0.393507,2.7965,-0.895971
square,4,1.16088,-3.08601,-0.0832852,-1.84185,-1.32745,-3.08601,-0.0832852,-4.33017
square,4,2.07495,-2.1341,0.900339,-0.959495,-0.274267,-2.1341,0.900339,-3.30871
pentagon,5,-1.56711,-0.547095,-2.3293,0.501967,-3.56254,0.101261,-3.56254,-1.19545,-2.3293,-1.59616
pentagon,5,1.50781,0.183262,0.492425,1.58082,-1.1505,1.047,-1.1505,-0.680475,0.492425,-1.21429
pentagon,5,1.59328,-1.04005,1.09811,-0.358499,0.296903,-0.618826,0.296903,-1.46126,1.09811,-1.72159
